attribute,count
center_frequencies,46650
channels,46795
digital_rf_version,46795
end_index,46795
end_unix,46795
end_utc,46795
end_utc_exclusive,46795
epoch,46795
file_cadence_millisecs,46795
H5Tget_class,46795
H5Tget_offset,46795
H5Tget_order,46795
H5Tget_precision,46795
H5Tget_size,46795
is_complex,46795
is_continuous,46795
n_blocks,46650
num_subchannels,46795
sample,46795
sample_rate_denominator,46795
sample_rate_numerator,46795
samples_per_second,46795
start_index,46795
start_unix,46795
start_utc,46795
station,46795
subdir_cadence_secs,46795
